num_of_agents,num_of_items,L,D,greedy_approximation,greedy_approximation_to_total,greedy_approximation_to_MMS,weak_greedy_approximation,weak_greedy_approximation_to_total,weak_greedy_approximation_to_MMS
4,16,1,6,3427,13,55,3427,13,55
4,16,2,10,3776,15,60,3758,15,60
4,16,3,14,4318,17,69,4005,16,64
4,16,4,18,2091,8,33,0,0,0
4,16,5,22,0,0,0,0,0,0
4,16,6,26,0,0,0,0,0,0
4,16,7,30,0,0,0,0,0,0
4,16,8,34,0,0,0,0,0,0
4,16,9,38,0,0,0,0,0,0
4,32,1,6,7070,15,63,7070,15,63
4,32,2,10,8454,18,75,8450,18,75
4,32,3,14,8529,19,76,8487,19,76
4,32,4,18,7243,16,64,6924,15,62
4,32,5,22,7580,16,67,7265,16,65
4,32,6,26,8174,18,73,7962,17,71
4,32,7,30,8263,18,74,7798,17,69
4,32,8,34,6494,14,58,0,0,0
4,32,9,38,3152,7,28,0,0,0
4,48,1,6,12497,16,66,12497,16,66
4,48,2,10,13426,17,71,13424,17,71
4,48,3,14,14769,19,78,14661,19,77
4,48,4,18,13739,18,72,13720,18,72
4,48,5,22,15951,21,84,15900,21,84
4,48,6,26,13765,18,73,11640,15,61
4,48,7,30,13127,17,69,12621,16,67
4,48,8,34,13958,18,74,13528,17,71
4,48,9,38,14376,19,76,14013,18,74
4,64,1,6,15412,15,63,15412,15,63
4,64,2,10,18492,19,76,18490,19,76
4,64,3,14,18893,19,78,18885,19,78
4,64,4,18,19187,19,79,19140,19,79
4,64,5,22,20246,20,83,17485,18,72
4,64,6,26,19303,19,79,19224,19,79
4,64,7,30,21312,22,88,21182,21,87
4,64,8,34,19222,19,79,15552,16,64
4,64,9,38,17108,17,70,16893,17,69
4,80,1,6,19594,16,65,19594,16,65
4,80,2,10,23892,19,79,23892,19,79
4,80,3,14,23491,19,78,23433,19,78
4,80,4,18,24720,20,82,24696,20,82
4,80,5,22,23948,20,80,23935,20,80
4,80,6,26,26505,22,88,26424,22,88
4,80,7,30,22762,19,76,22736,19,76
4,80,8,34,25077,20,83,25016,20,83
4,80,9,38,27149,22,90,27027,22,90
4,96,1,6,23711,16,66,23711,16,66
4,96,2,10,27252,19,76,27248,19,76
4,96,3,14,28913,20,81,27948,19,78
4,96,4,18,30202,21,84,30148,21,84
4,96,5,22,30364,21,85,30320,21,85
4,96,6,26,28595,20,80,28572,20,80
4,96,7,30,31342,22,88,31185,21,87
4,96,8,34,28295,19,79,26200,18,73
4,96,9,38,28600,20,80,28485,20,80
4,112,1,6,27661,16,65,27661,16,65
4,112,2,10,33577,19,79,33574,19,79
4,112,3,14,36376,21,85,36363,21,85
4,112,4,18,36810,21,86,36772,21,86
4,112,5,22,37932,22,89,37920,22,89
4,112,6,26,37299,21,87,37284,21,87
4,112,7,30,34703,20,81,34454,20,81
4,112,8,34,37368,21,87,37056,21,87
4,112,9,38,37754,22,88,30690,18,72
4,128,1,6,31131,16,65,31131,16,65
4,128,2,10,36205,19,76,36188,19,76
4,128,3,14,39957,21,84,39957,21,84
4,128,4,18,41360,21,87,41332,21,87
4,128,5,22,39726,21,84,38745,20,82
4,128,6,26,41707,22,88,37698,19,79
4,128,7,30,42111,22,89,42091,22,89
4,128,8,34,38218,20,80,38120,20,80
4,128,9,38,41245,21,87,41031,21,86
4,144,1,6,36587,16,66,36587,16,66
4,144,2,10,43114,19,78,43092,19,78
4,144,3,14,46180,21,84,46122,20,83
4,144,4,18,48710,22,88,48680,22,88
4,144,5,22,47034,21,85,47020,21,85
4,144,6,26,47362,21,86,47190,21,85
4,144,7,30,46236,21,84,45206,20,82
4,144,8,34,49610,22,90,49576,22,90
4,144,9,38,45596,20,83,44469,20,80
4,160,1,6,39352,16,65,39352,16,65
4,160,2,10,48009,19,79,48006,19,79
4,160,3,14,50143,20,83,50136,20,83
4,160,4,18,51783,21,86,49804,20,82
4,160,5,22,53140,22,88,53070,22,88
4,160,6,26,54337,22,90,54282,22,90
4,160,7,30,53610,22,89,53564,22,89
4,160,8,34,50628,21,84,50600,21,84
4,160,9,38,54874,22,91,54837,22,91
4,176,1,6,43748,16,66,43748,16,66
4,176,2,10,51674,19,78,51672,19,78
4,176,3,14,54902,20,83,54900,20,83
4,176,4,18,55520,20,83,55512,20,83
4,176,5,22,60005,22,90,59975,22,90
4,176,6,26,56248,21,85,56220,21,85
4,176,7,30,58509,22,88,55503,20,83
4,176,8,34,60700,22,91,60648,22,91
4,176,9,38,56736,21,85,56484,21,85
4,192,1,6,48687,16,66,48687,16,66
4,192,2,10,58022,19,79,58018,19,79
4,192,3,14,60432,20,82,60429,20,82
4,192,4,18,62192,21,85,62188,21,85
4,192,5,22,62795,21,85,62760,21,85
4,192,6,26,64985,22,88,64974,22,88
4,192,7,30,65261,22,89,65156,22,89
4,192,8,34,63485,21,86,63472,21,86
4,192,9,38,68481,23,93,68382,23,93
4,208,1,6,51521,16,65,51521,16,65
4,208,2,10,61010,19,77,61010,19,77
4,208,3,14,65462,20,83,64458,20,82
4,208,4,18,67314,21,85,67312,21,85
4,208,5,22,68822,21,87,68810,21,87
4,208,6,26,72171,23,92,72126,23,92
4,208,7,30,71411,22,91,66395,21,84
4,208,8,34,72575,23,92,72464,23,92
4,208,9,38,69758,22,89,69687,22,89
4,224,1,6,54911,16,66,54911,16,66
4,224,2,10,65497,19,79,65496,19,79
4,224,3,14,71021,21,85,71019,21,85
4,224,4,18,71874,21,86,71868,21,86
4,224,5,22,74355,22,89,74320,22,89
4,224,6,26,72830,21,87,72750,21,87
4,224,7,30,73991,22,89,73913,22,89
4,224,8,34,73427,22,88,73344,22,88
4,224,9,38,75367,22,90,70398,21,84
4,240,1,6,59514,16,66,59514,16,66
4,240,2,10,71392,19,79,71392,19,79
4,240,3,14,76075,21,85,76068,21,85
4,240,4,18,77998,21,87,77992,21,87
4,240,5,22,79549,22,89,76590,21,85
4,240,6,26,80943,22,90,80886,22,90
4,240,7,30,83173,23,93,83111,23,93
4,240,8,34,83366,23,93,83288,23,93
4,240,9,38,81585,22,91,81540,22,91
4,256,1,6,63351,16,65,63351,16,65
4,256,2,10,75630,19,78,75628,19,78
4,256,3,14,81446,21,84,81438,21,84
4,256,4,18,84450,21,87,84448,21,87
4,256,5,22,84127,21,87,84105,21,87
4,256,6,26,85485,22,89,83478,21,86
4,256,7,30,85882,22,89,85869,22,89
4,256,8,34,86186,22,89,86056,22,89
4,256,9,38,84509,22,88,84393,21,87
4,272,1,6,67752,16,66,67752,16,66
4,272,2,10,81301,19,79,81300,19,79
4,272,3,14,86239,21,84,86232,21,84
4,272,4,18,90319,22,88,90308,22,88
4,272,5,22,90990,22,89,90965,22,89
4,272,6,26,91434,22,89,91428,22,89
4,272,7,30,94822,23,92,94815,23,92
4,272,8,34,96009,23,94,95984,23,93
4,272,9,38,95139,23,93,95076,23,93
4,288,1,6,70684,16,66,70684,16,66
4,288,2,10,83243,19,78,83236,19,78
4,288,3,14,89183,21,84,89169,21,84
4,288,4,18,94195,22,88,94192,22,88
4,288,5,22,95831,22,90,95825,22,90
4,288,6,26,97319,22,91,97296,22,91
4,288,7,30,94704,22,89,94689,22,89
4,288,8,34,95989,22,90,95936,22,90
4,288,9,38,95185,22,89,95094,22,89
4,304,1,6,74881,16,66,74881,16,66
4,304,2,10,89853,19,79,89852,19,79
4,304,3,14,94966,20,83,94953,20,83
4,304,4,18,99089,21,87,97104,21,85
4,304,5,22,99804,22,88,98795,21,87
4,304,6,26,100375,22,88,100356,22,88
4,304,7,30,104793,23,92,104776,23,92
4,304,8,34,104818,23,92,98760,21,87
4,304,9,38,107085,23,94,106920,23,94
4,16,1,6,3471,13,55,3471,13,55
4,16,2,10,3780,14,59,3778,14,59
4,16,3,14,4435,17,70,4188,16,66
4,16,4,18,2121,8,33,0,0,0
4,16,5,22,0,0,0,0,0,0
4,16,6,26,0,0,0,0,0,0
4,16,7,30,0,0,0,0,0,0
4,16,8,34,0,0,0,0,0,0
4,16,9,38,0,0,0,0,0,0
4,32,1,6,7821,15,63,7821,15,63
4,32,2,10,9197,18,74,9148,18,74
4,32,3,14,9709,19,78,9663,19,78
4,32,4,18,7729,15,62,7564,15,61
4,32,5,22,8747,17,71,8495,17,68
4,32,6,26,9310,18,75,8934,18,72
4,32,7,30,8975,18,72,7679,15,62
4,32,8,34,6445,13,52,0,0,0
4,32,9,38,3122,6,25,0,0,0
4,48,1,6,11401,16,66,11401,16,66
4,48,2,10,11998,17,70,11998,17,70
4,48,3,14,13383,19,78,13272,19,77
4,48,4,18,12682,18,74,12500,18,72
4,48,5,22,14226,20,83,14210,20,82
4,48,6,26,13240,19,77,11676,17,68
4,48,7,30,12049,17,70,11326,16,66
4,48,8,34,12167,17,71,11648,16,67
4,48,9,38,12609,18,73,11898,17,69
4,64,1,6,15216,15,63,15216,15,63
4,64,2,10,18251,19,76,18244,19,76
4,64,3,14,18637,19,78,18627,19,78
4,64,4,18,18904,19,79,18896,19,79
4,64,5,22,19614,20,82,16590,17,69
4,64,6,26,19049,20,80,19026,19,79
4,64,7,30,21076,22,88,20881,21,87
4,64,8,34,19372,20,81,15520,16,65
4,64,9,38,17045,17,71,16623,17,69
4,80,1,6,19213,16,65,19213,16,65
4,80,2,10,23440,19,79,23422,19,79
4,80,3,14,22998,19,78,22950,19,78
4,80,4,18,24142,20,82,24108,20,82
4,80,5,22,23377,19,79,23325,19,79
4,80,6,26,26336,22,89,26322,22,89
4,80,7,30,22439,19,76,22302,18,75
4,80,8,34,24598,20,83,24528,20,83
4,80,9,38,26443,22,90,26154,22,89
4,96,1,6,23506,16,66,23506,16,66
4,96,2,10,26998,19,76,26998,19,76
4,96,3,14,28610,20,80,27612,19,78
4,96,4,18,30003,21,84,30000,21,84
4,96,5,22,30166,21,85,30140,21,85
4,96,6,26,28412,20,80,28032,19,79
4,96,7,30,31278,22,88,31262,22,88
4,96,8,34,28120,19,79,26032,18,73
4,96,9,38,28340,20,80,28242,19,79
4,112,1,6,27258,16,65,27258,16,65
4,112,2,10,33077,19,78,33076,19,78
4,112,3,14,35875,21,85,35865,21,85
4,112,4,18,36330,21,86,36324,21,86
4,112,5,22,37592,22,89,37565,22,89
4,112,6,26,36626,21,87,36618,21,87
4,112,7,30,33800,20,80,33642,20,80
4,112,8,34,36708,21,87,36584,21,87
4,112,9,38,37417,22,89,30087,17,71
4,128,1,6,30770,16,65,30770,16,65
4,128,2,10,35732,19,76,35732,19,76
4,128,3,14,39514,21,84,39498,21,84
4,128,4,18,40991,21,87,40976,21,87
4,128,5,22,39300,21,84,38260,20,82
4,128,6,26,41314,22,88,37296,19,79
4,128,7,30,41608,22,89,41545,22,89
4,128,8,34,37800,20,81,37616,20,80
4,128,9,38,40657,21,87,40464,21,86
4,144,1,6,35715,16,66,35715,16,66
4,144,2,10,42048,19,78,42048,19,78
4,144,3,14,45018,21,84,45015,21,84
4,144,4,18,47569,22,88,47564,22,88
4,144,5,22,45901,21,85,45875,21,85
4,144,6,26,46149,21,86,46116,21,86
4,144,7,30,45209,21,84,44121,20,82
4,144,8,34,48385,22,90,48304,22,90
4,144,9,38,44871,20,83,43758,20,81
4,160,1,6,38167,16,65,38167,16,65
4,160,2,10,46576,19,79,46576,19,79
4,160,3,14,48661,20,83,48648,20,83
4,160,4,18,50158,21,86,48160,20,82
4,160,5,22,51584,22,88,51535,22,88
4,160,6,26,52773,22,90,52746,22,90
4,160,7,30,51960,22,89,51947,22,89
4,160,8,34,49089,21,84,49056,21,84
4,160,9,38,53183,22,91,53145,22,91
4,176,1,6,44024,16,66,44024,16,66
4,176,2,10,51999,19,78,51996,19,78
4,176,3,14,55366,20,83,55365,20,83
4,176,4,18,55978,21,84,55976,21,84
4,176,5,22,60332,22,90,60295,22,90
4,176,6,26,56627,21,85,56610,21,85
4,176,7,30,58750,22,88,55706,20,83
4,176,8,34,61123,22,91,60888,22,91
4,176,9,38,57098,21,85,57051,21,85
4,192,1,6,47817,16,66,47817,16,66
4,192,2,10,56981,19,79,56980,19,79
4,192,3,14,59343,20,82,59340,20,82
4,192,4,18,61053,21,85,61044,21,85
4,192,5,22,61652,21,85,61630,21,85
4,192,6,26,63793,22,88,63738,22,88
4,192,7,30,64009,22,89,63910,22,89
4,192,8,34,62483,21,87,62472,21,87
4,192,9,38,67015,23,93,66915,23,93
4,208,1,6,51184,16,65,51184,16,65
4,208,2,10,60595,19,77,60594,19,77
4,208,3,14,65046,20,83,64044,20,82
4,208,4,18,66854,21,85,66848,21,85
4,208,5,22,68374,21,87,68365,21,87
4,208,6,26,71715,23,92,71682,23,92
4,208,7,30,70878,22,91,65842,21,84
4,208,8,34,72186,23,92,72168,23,92
4,208,9,38,69290,22,89,69165,22,88
4,224,1,6,56154,16,66,56154,16,66
4,224,2,10,66976,19,79,66974,19,79
4,224,3,14,72576,21,85,72546,21,85
4,224,4,18,73506,21,86,73496,21,86
4,224,5,22,76081,22,89,76075,22,89
4,224,6,26,74499,21,87,74448,21,87
4,224,7,30,75783,22,89,75670,22,89
4,224,8,34,74842,22,88,74800,22,88
4,224,9,38,76987,22,90,71883,21,84
4,240,1,6,59716,16,66,59716,16,66
4,240,2,10,71640,19,79,71632,19,79
4,240,3,14,76333,21,85,76326,21,85
4,240,4,18,78275,21,87,78272,21,87
4,240,5,22,79738,22,89,76690,21,85
4,240,6,26,81264,22,90,81246,22,90
4,240,7,30,83387,23,93,83321,23,93
4,240,8,34,83564,23,93,83456,23,93
4,240,9,38,81858,22,91,81810,22,91
4,256,1,6,63632,16,65,63632,16,65
4,256,2,10,75971,19,78,75970,19,78
4,256,3,14,81794,21,84,81783,21,84
4,256,4,18,84785,21,87,84752,21,87
4,256,5,22,84450,21,87,84440,21,87
4,256,6,26,85894,22,89,83898,21,86
4,256,7,30,86230,22,89,86198,22,89
4,256,8,34,86448,22,89,86328,22,89
4,256,9,38,84425,21,87,84384,21,87
4,272,1,6,68069,16,66,68069,16,66
4,272,2,10,81677,19,79,81674,19,79
4,272,3,14,86650,21,84,86646,21,84
4,272,4,18,90740,22,88,90728,22,88
4,272,5,22,91444,22,89,91410,22,89
4,272,6,26,91873,22,89,91842,22,89
4,272,7,30,95143,23,92,95123,23,92
4,272,8,34,96404,23,93,96376,23,93
4,272,9,38,95544,23,93,95427,23,93
4,288,1,6,72009,16,66,72009,16,66
4,288,2,10,84838,19,78,84830,19,78
4,288,3,14,90884,21,84,90876,21,84
4,288,4,18,95966,22,88,95952,22,88
4,288,5,22,97610,22,90,97580,22,90
4,288,6,26,99081,22,91,99048,22,91
4,288,7,30,96496,22,89,96488,22,89
4,288,8,34,97799,22,90,97792,22,90
4,288,9,38,97054,22,89,96966,22,89
4,304,1,6,73952,16,66,73952,16,66
4,304,2,10,88739,19,79,88738,19,79
4,304,3,14,93764,20,83,93762,20,83
4,304,4,18,97902,21,87,95888,21,85
4,304,5,22,98637,22,88,97635,21,87
4,304,6,26,99098,22,88,99084,22,88
4,304,7,30,103451,23,92,103432,23,92
4,304,8,34,103670,23,92,97632,21,87
4,304,9,38,105937,23,94,105903,23,94
6,24,1,9,3499,9,54,3499,9,54
6,24,2,15,3763,9,58,3718,9,57
6,24,3,21,4388,11,68,4296,11,66
6,24,4,27,1028,2,15,0,0,0
6,24,5,33,0,0,0,0,0,0
6,24,6,39,0,0,0,0,0,0
6,24,7,45,0,0,0,0,0,0
6,24,8,51,0,0,0,0,0,0
6,24,9,57,0,0,0,0,0,0
6,48,1,9,7961,10,63,7961,10,63
6,48,2,15,9438,12,75,9436,12,75
6,48,3,21,9676,12,77,9669,12,77
6,48,4,27,7818,10,62,7720,10,61
6,48,5,33,8643,11,69,8435,11,67
6,48,6,39,9085,12,72,8784,11,70
6,48,7,45,8772,11,70,8379,11,67
6,48,8,51,5634,7,45,0,0,0
6,48,9,57,0,0,0,0,0,0
6,72,1,9,12189,11,66,12189,11,66
6,72,2,15,13034,11,70,13024,11,70
6,72,3,21,14385,13,78,14370,13,78
6,72,4,27,13490,12,73,13444,12,73
6,72,5,33,15656,14,85,15635,14,85
6,72,6,39,11841,10,64,11712,10,63
6,72,7,45,13089,11,71,12782,11,69
6,72,8,51,13681,12,74,13344,12,72
6,72,9,57,13375,12,72,12438,11,67
6,96,1,9,15592,10,63,15592,10,63
6,96,2,15,18663,12,76,18662,12,76
6,96,3,21,19124,13,78,19119,13,78
6,96,4,27,19339,13,79,19308,13,79
6,96,5,33,18915,12,77,16910,11,69
6,96,6,39,19439,13,79,19434,13,79
6,96,7,45,21671,14,88,21602,14,88
6,96,8,51,17607,12,72,15496,10,63
6,96,9,57,16717,11,68,16506,11,67
6,120,1,9,20551,10,65,20551,10,65
6,120,2,15,25031,13,79,25002,13,79
6,120,3,21,24693,13,78,24687,13,78
6,120,4,27,25960,13,82,25956,13,82
6,120,5,33,25015,13,79,25005,13,79
6,120,6,39,27708,14,88,27564,14,87
6,120,7,45,23722,12,75,23667,12,75
6,120,8,51,26319,13,83,26288,13,83
6,120,9,57,28317,15,90,27900,14,88
6,144,1,9,24757,11,66,24757,11,66
6,144,2,15,28520,12,76,28516,12,76
6,144,3,21,29234,13,78,29211,13,78
6,144,4,27,31646,14,85,31620,14,85
6,144,5,33,31728,14,85,31705,14,85
6,144,6,39,29941,13,80,29898,13,80
6,144,7,45,32658,14,87,32592,14,87
6,144,8,51,27268,12,73,27240,12,73
6,144,9,57,29868,13,80,29790,13,80
6,168,1,9,27941,10,65,27941,10,65
6,168,2,15,33919,13,79,33916,13,79
6,168,3,21,36754,14,85,36741,14,85
6,168,4,27,37148,14,86,37104,14,86
6,168,5,33,38377,14,89,38365,14,89
6,168,6,39,37665,14,87,37638,14,87
6,168,7,45,34966,13,81,34832,13,81
6,168,8,51,37537,14,87,37360,14,87
6,168,9,57,36834,14,85,30726,11,71
6,192,1,9,31936,10,65,31936,10,65
6,192,2,15,37092,12,76,37092,12,76
6,192,3,21,41011,14,84,41007,14,84
6,192,4,27,42476,14,87,42468,14,87
6,192,5,33,39691,13,81,39675,13,81
6,192,6,39,41817,14,86,38766,13,80
6,192,7,45,43164,14,89,43155,14,89
6,192,8,51,39509,13,81,39224,13,81
6,192,9,57,42147,14,87,42066,14,86
6,216,1,9,36201,11,66,36201,11,66
6,216,2,15,42640,13,78,42638,13,78
6,216,3,21,45679,14,84,45678,14,84
6,216,4,27,48188,14,88,48152,14,88
6,216,5,33,46624,14,85,46560,14,85
6,216,6,39,46922,14,86,46860,14,86
6,216,7,45,44801,13,82,44786,13,82
6,216,8,51,49021,15,90,48992,15,90
6,216,9,57,44366,13,81,44217,13,81
6,240,1,9,39544,10,65,39544,10,65
6,240,2,15,48235,13,79,48230,13,79
6,240,3,21,50400,13,83,50397,13,83
6,240,4,27,50935,14,84,49928,13,82
6,240,5,33,53378,14,88,53340,14,88
6,240,6,39,54699,15,90,54690,15,90
6,240,7,45,53902,14,89,53781,14,89
6,240,8,51,50971,14,84,50888,14,84
6,240,9,57,55021,15,91,54909,15,91
6,264,1,9,43777,11,66,43777,11,66
6,264,2,15,51735,13,78,51734,13,78
6,264,3,21,54963,13,83,54963,13,83
6,264,4,27,55634,14,84,55624,14,84
6,264,5,33,60063,15,90,60025,15,90
6,264,6,39,56385,14,85,56376,14,85
6,264,7,45,56599,14,85,55552,13,83
6,264,8,51,60472,15,91,60424,15,91
6,264,9,57,56626,14,85,56592,14,85
6,288,1,9,47341,11,66,47341,11,66
6,288,2,15,56398,13,79,56396,13,79
6,288,3,21,58705,13,82,58695,13,82
6,288,4,27,60432,14,85,60412,14,85
6,288,5,33,60910,14,85,60880,14,85
6,288,6,39,63159,14,88,63108,14,88
6,288,7,45,63324,14,89,63308,14,89
6,288,8,51,61715,14,86,61696,14,86
6,288,9,57,66366,15,93,66285,15,93
6,312,1,9,51555,10,65,51555,10,65
6,312,2,15,61047,12,77,61046,12,77
6,312,3,21,64548,13,82,64548,13,82
6,312,4,27,67380,14,86,67360,14,85
6,312,5,33,68917,14,87,68895,14,87
6,312,6,39,72211,15,92,72198,15,92
6,312,7,45,70524,15,90,66570,14,84
6,312,8,51,72732,15,92,72720,15,92
6,312,9,57,69839,14,89,69777,14,89
6,336,1,9,55402,11,66,55402,11,66
6,336,2,15,66069,13,79,66068,13,79
6,336,3,21,71629,14,85,71625,14,85
6,336,4,27,72515,14,86,72500,14,86
6,336,5,33,75012,14,89,74990,14,89
6,336,6,39,73385,14,87,73380,14,87
6,336,7,45,74742,14,89,74704,14,89
6,336,8,51,73817,14,88,73808,14,88
6,336,9,57,74048,14,88,71028,14,84
6,360,1,9,60319,11,66,60319,11,66
6,360,2,15,72375,13,79,72374,13,79
6,360,3,21,77119,14,85,77112,14,85
6,360,4,27,79065,14,87,79056,14,87
6,360,5,33,79565,14,87,77550,14,85
6,360,6,39,82040,15,90,82026,15,90
6,360,7,45,84384,15,93,84371,15,93
6,360,8,51,84380,15,93,84328,15,93
6,360,9,57,82755,15,91,82665,15,91
6,384,1,9,63054,10,65,63054,10,65
6,384,2,15,75256,13,78,75256,13,78
6,384,3,21,81054,14,84,81054,14,84
6,384,4,27,84050,14,87,84048,14,87
6,384,5,33,83656,14,87,83650,14,87
6,384,6,39,83241,14,87,83202,14,87
6,384,7,45,85414,14,89,85365,14,89
6,384,8,51,85627,14,89,85536,14,89
6,384,9,57,83750,14,87,83727,14,87
6,408,1,9,67198,11,66,67198,11,66
6,408,2,15,80635,13,79,80634,13,79
6,408,3,21,85519,14,84,85515,14,84
6,408,4,27,89544,14,88,89536,14,88
6,408,5,33,90238,14,89,90190,14,89
6,408,6,39,90701,14,89,90696,14,89
6,408,7,45,93839,15,92,93814,15,92
6,408,8,51,95242,15,94,95224,15,94
6,408,9,57,94404,15,93,94329,15,93
6,432,1,9,72370,11,66,72370,11,66
6,432,2,15,85240,13,78,85238,13,78
6,432,3,21,91312,14,84,91308,14,84
6,432,4,27,96441,14,88,96432,14,88
6,432,5,33,98190,15,90,98175,15,90
6,432,6,39,99587,15,91,99558,15,91
6,432,7,45,97018,14,89,97006,14,89
6,432,8,51,98306,15,90,98280,15,90
6,432,9,57,97575,14,89,97497,14,89
6,456,1,9,74987,11,66,74987,11,66
6,456,2,15,89982,13,79,89982,13,79
6,456,3,21,95104,13,83,95103,13,83
6,456,4,27,98284,14,86,97284,14,85
6,456,5,33,99063,14,87,99060,14,87
6,456,6,39,100570,14,88,100560,14,88
6,456,7,45,104906,15,92,104902,15,92
6,456,8,51,104067,15,91,99048,14,87
6,456,9,57,107383,15,94,107361,15,94
8,32,1,12,3199,6,54,3199,6,54
8,32,2,20,3653,7,62,3640,7,62
8,32,3,28,3545,7,60,3531,7,60
8,32,4,36,0,0,0,0,0,0
8,32,5,44,0,0,0,0,0,0
8,32,6,52,0,0,0,0,0,0
8,32,7,60,0,0,0,0,0,0
8,32,8,68,0,0,0,0,0,0
8,32,9,76,0,0,0,0,0,0
8,64,1,12,7766,7,63,7766,7,63
8,64,2,20,9235,9,75,9220,9,75
8,64,3,28,9471,9,77,9450,9,77
8,64,4,36,7744,7,63,7676,7,63
8,64,5,44,8566,8,70,8290,8,68
8,64,6,52,8583,8,70,8430,8,69
8,64,7,60,8207,8,67,7924,8,65
8,64,8,68,4183,4,34,0,0,0
8,64,9,76,0,0,0,0,0,0
8,96,1,12,11878,8,66,11878,8,66
8,96,2,20,12602,8,70,12600,8,70
8,96,3,28,13934,9,77,13923,9,77
8,96,4,36,12963,9,72,12932,9,72
8,96,5,44,15251,10,85,15250,10,85
8,96,6,52,11551,8,64,11400,7,63
8,96,7,60,12589,8,70,12509,8,69
8,96,8,68,13119,9,73,12824,8,71
8,96,9,76,12976,9,72,12627,8,70
8,128,1,12,15577,7,63,15577,7,63
8,128,2,20,18674,9,76,18670,9,76
8,128,3,28,19048,9,78,19044,9,78
8,128,4,36,19357,9,79,19236,9,78
8,128,5,44,18017,9,73,17000,8,69
8,128,6,52,19446,9,79,19416,9,79
8,128,7,60,21564,11,88,21553,11,88
8,128,8,68,15663,8,64,15480,7,63
8,128,9,76,16624,8,68,16470,8,67
8,160,1,12,19505,8,65,19505,8,65
8,160,2,20,23787,9,79,23786,9,79
8,160,3,28,23398,9,78,23388,9,78
8,160,4,36,24641,10,82,24632,10,82
8,160,5,44,23746,9,79,23730,9,79
8,160,6,52,26396,11,88,26334,11,88
8,160,7,60,22633,9,76,22624,9,75
8,160,8,68,25000,10,83,24984,10,83
8,160,9,76,27090,11,90,27072,11,90
8,192,1,12,24040,8,66,24040,8,66
8,192,2,20,27647,9,76,27646,9,76
8,192,3,28,28373,9,78,28365,9,78
8,192,4,36,30576,10,84,30564,10,84
8,192,5,44,30938,10,85,30915,10,85
8,192,6,52,28928,10,80,28914,10,80
8,192,7,60,31823,11,88,31717,10,87
8,192,8,68,26827,9,74,26632,9,73
8,192,9,76,29070,10,80,29034,10,80
8,224,1,12,26947,8,65,26947,8,65
8,224,2,20,32703,9,78,32696,9,78
8,224,3,28,35460,10,85,35451,10,85
8,224,4,36,35885,10,86,35880,10,86
8,224,5,44,36994,11,89,36975,11,89
8,224,6,52,36263,10,87,36258,10,87
8,224,7,60,33432,10,80,33285,10,80
8,224,8,68,36110,10,87,36048,10,87
8,224,9,76,34639,10,83,29520,8,71
8,256,1,12,32145,8,65,32145,8,65
8,256,2,20,37313,9,76,37312,9,76
8,256,3,28,41270,10,84,41247,10,84
8,256,4,36,42739,10,87,42692,10,87
8,256,5,44,40015,10,82,40005,10,82
8,256,6,52,40871,10,83,38868,9,79
8,256,7,60,43399,11,89,43386,11,89
8,256,8,68,39425,10,80,39400,10,80
8,256,9,76,42478,10,87,42408,10,87
8,288,1,12,35846,8,66,35846,8,66
8,288,2,20,42221,9,78,42220,9,78
8,288,3,28,45212,10,84,45207,10,84
8,288,4,36,47628,11,88,47620,11,88
8,288,5,44,46075,10,85,46070,10,85
8,288,6,52,46364,10,86,46320,10,86
8,288,7,60,44394,10,82,44317,10,82
8,288,8,68,48623,11,90,48560,11,90
8,288,9,76,43757,10,81,43695,10,81
8,320,1,12,39145,8,65,39145,8,65
8,320,2,20,47729,9,79,47728,9,79
8,320,3,28,49874,10,83,49872,10,83
8,320,4,36,49472,10,82,49460,10,82
8,320,5,44,52827,11,88,52780,11,88
8,320,6,52,54101,11,90,54090,11,90
8,320,7,60,53203,11,89,53137,11,88
8,320,8,68,50224,10,84,50184,10,84
8,320,9,76,54561,11,91,54558,11,91
8,352,1,12,43254,8,66,43254,8,66
8,352,2,20,51092,9,78,51088,9,78
8,352,3,28,54284,10,83,54279,10,83
8,352,4,36,54865,10,83,54864,10,83
8,352,5,44,59317,11,90,59295,11,90
8,352,6,52,55491,10,84,55470,10,84
8,352,7,60,54849,10,83,54810,10,83
8,352,8,68,59864,11,91,59840,11,91
8,352,9,76,55906,10,85,55872,10,85
8,384,1,12,48129,8,66,48129,8,66
8,384,2,20,57346,9,79,57344,9,79
8,384,3,28,59760,10,82,59760,10,82
8,384,4,36,61510,10,85,61496,10,85
8,384,5,44,61965,10,85,61960,10,85
8,384,6,52,64257,11,88,64224,11,88
8,384,7,60,64510,11,89,64428,11,89
8,384,8,68,62609,10,86,62584,10,86
8,384,9,76,67406,11,93,67365,11,93
8,416,1,12,51706,8,65,51706,8,65
8,416,2,20,61263,9,77,61256,9,77
8,416,3,28,64773,10,82,64770,10,82
8,416,4,36,67616,10,86,67608,10,86
8,416,5,44,69131,10,87,69115,10,87
8,416,6,52,72347,11,92,72342,11,92
8,416,7,60,69458,11,88,66444,10,84
8,416,8,68,72867,11,92,72856,11,92
8,416,9,76,69953,11,89,69885,11,88
8,448,1,12,55737,8,66,55737,8,66
8,448,2,20,66479,9,79,66478,9,79
8,448,3,28,72081,10,85,72078,10,85
8,448,4,36,72954,10,86,72952,10,86
8,448,5,44,75524,11,89,75505,11,89
8,448,6,52,73859,10,87,73854,10,87
8,448,7,60,75168,11,89,75131,11,89
8,448,8,68,74306,11,88,74248,11,88
8,448,9,76,72371,10,86,71343,10,84
8,480,1,12,59714,8,66,59714,8,66
8,480,2,20,71626,9,79,71624,9,79
8,480,3,28,76285,10,85,76284,10,85
8,480,4,36,78257,10,87,78256,10,87
8,480,5,44,77707,10,86,76700,10,85
8,480,6,52,81211,11,90,81198,11,90
8,480,7,60,83349,11,93,83307,11,93
8,480,8,68,83415,11,93,83320,11,93
8,480,9,76,81900,11,91,81891,11,91
8,512,1,12,63583,8,65,63583,8,65
8,512,2,20,75906,9,78,75904,9,78
8,512,3,28,81735,10,84,81732,10,84
8,512,4,36,84763,10,87,84756,10,87
8,512,5,44,84386,10,87,84380,10,87
8,512,6,52,83992,10,87,83964,10,87
8,512,7,60,86139,11,89,86128,11,89
8,512,8,68,86410,11,89,86368,11,89
8,512,9,76,84437,10,87,84429,10,87
8,544,1,12,67893,8,66,67893,8,66
8,544,2,20,81458,9,79,81458,9,79
8,544,3,28,86423,10,84,86421,10,84
8,544,4,36,90478,11,88,90472,11,88
8,544,5,44,91175,11,89,91150,11,89
8,544,6,52,91670,11,89,91632,11,89
8,544,7,60,94817,11,92,94787,11,92
8,544,8,68,96100,11,93,96056,11,93
8,544,9,76,95085,11,92,95040,11,92
8,576,1,12,71606,8,66,71606,8,66
8,576,2,20,84320,9,78,84320,9,78
8,576,3,28,90345,10,84,90345,10,84
8,576,4,36,95391,11,88,95388,11,88
8,576,5,44,97072,11,90,97045,11,90
8,576,6,52,98533,11,91,98502,11,91
8,576,7,60,95987,11,89,95984,11,89
8,576,8,68,97232,11,90,97232,11,90
8,576,9,76,96429,11,89,96363,11,89
8,608,1,12,74737,8,66,74737,8,66
8,608,2,20,89689,9,79,89688,9,79
8,608,3,28,94803,10,83,94803,10,83
8,608,4,36,96954,10,85,96952,10,85
8,608,5,44,98638,10,87,98635,10,87
8,608,6,52,100189,11,88,100182,11,88
8,608,7,60,104539,11,92,104531,11,92
8,608,8,68,102581,11,90,98576,10,87
8,608,9,76,106711,11,94,106668,11,94
10,40,1,15,3332,5,55,3332,5,55
10,40,2,25,3607,5,59,3582,5,59
10,40,3,35,3904,6,64,3837,6,63
10,40,4,45,0,0,0,0,0,0
10,40,5,55,0,0,0,0,0,0
10,40,6,65,0,0,0,0,0,0
10,40,7,75,0,0,0,0,0,0
10,40,8,85,0,0,0,0,0,0
10,40,9,95,0,0,0,0,0,0
10,80,1,15,7872,6,63,7872,6,63
10,80,2,25,9343,7,75,9330,7,75
10,80,3,35,9616,7,77,9582,7,77
10,80,4,45,7636,6,61,7592,6,61
10,80,5,55,8582,6,69,8510,6,68
10,80,6,65,8837,7,71,8634,6,69
10,80,7,75,8432,6,68,8176,6,66
10,80,8,85,3035,2,24,0,0,0
10,80,9,95,0,0,0,0,0,0
10,120,1,15,11904,6,66,11904,6,66
10,120,2,25,12699,7,70,12698,7,70
10,120,3,35,13977,7,78,13956,7,77
10,120,4,45,12987,7,72,12984,7,72
10,120,5,55,15122,8,84,15100,8,84
10,120,6,65,11571,6,64,11484,6,64
10,120,7,75,12533,6,69,12264,6,68
10,120,8,85,12668,7,70,12424,6,69
10,120,9,95,12782,7,71,12573,7,70
10,160,1,15,15648,6,63,15648,6,63
10,160,2,25,18735,7,76,18734,7,76
10,160,3,35,19210,7,78,19185,7,78
10,160,4,45,19488,7,79,19484,7,79
10,160,5,55,17211,7,70,17200,7,70
10,160,6,65,19576,7,79,19572,7,79
10,160,7,75,21504,8,87,21476,8,87
10,160,8,85,15759,6,64,15672,6,63
10,160,9,95,16830,6,68,16497,6,67
10,200,1,15,20046,6,65,20046,6,65
10,200,2,25,24366,7,79,24366,7,79
10,200,3,35,23996,7,78,23991,7,78
10,200,4,45,25279,8,82,25260,8,82
10,200,5,55,24499,8,80,24495,8,80
10,200,6,65,27089,8,88,26976,8,88
10,200,7,75,23210,7,75,23198,7,75
10,200,8,85,25648,8,83,25624,8,83
10,200,9,95,27723,9,90,27666,9,90
10,240,1,15,24150,6,66,24150,6,66
10,240,2,25,27777,7,76,27774,7,76
10,240,3,35,28344,7,78,28344,7,78
10,240,4,45,30821,8,84,30792,8,84
10,240,5,55,30982,8,85,30970,8,85
10,240,6,65,29241,8,80,29214,8,80
10,240,7,75,32084,8,88,31997,8,88
10,240,8,85,26801,7,73,26792,7,73
10,240,9,95,28951,7,79,28944,7,79
10,280,1,15,27082,6,65,27082,6,65
10,280,2,25,32889,7,78,32884,7,78
10,280,3,35,35617,8,85,35616,8,85
10,280,4,45,36031,8,86,36024,8,86
10,280,5,55,37200,8,89,37195,8,89
10,280,6,65,36475,8,87,36432,8,87
10,280,7,75,33867,8,81,33726,8,81
10,280,8,85,36429,8,87,36376,8,87
10,280,9,95,33928,8,81,29898,7,71
10,320,1,15,31579,6,65,31579,6,65
10,320,2,25,36673,7,76,36668,7,76
10,320,3,35,40566,8,84,40563,8,84
10,320,4,45,41976,8,87,41948,8,87
10,320,5,55,39370,8,82,39365,8,82
10,320,6,65,39242,8,81,38232,7,79
10,320,7,75,42701,8,89,42700,8,89
10,320,8,85,38971,8,81,38928,8,81
10,320,9,95,41661,8,87,41562,8,86
10,360,1,15,35653,6,66,35653,6,66
10,360,2,25,41979,7,78,41978,7,78
10,360,3,35,44940,8,84,44940,8,84
10,360,4,45,47411,8,88,47404,8,88
10,360,5,55,45825,8,85,45820,8,85
10,360,6,65,46089,8,86,46020,8,86
10,360,7,75,44232,8,82,44177,8,82
10,360,8,85,48314,9,90,48304,9,90
10,360,9,95,43638,8,81,43605,8,81
10,400,1,15,38956,6,65,38956,6,65
10,400,2,25,47529,7,79,47526,7,79
10,400,3,35,49655,8,83,49632,8,83
10,400,4,45,49236,8,82,49228,8,82
10,400,5,55,52561,8,88,52510,8,88
10,400,6,65,53804,9,90,53796,9,90
10,400,7,75,52909,8,89,52871,8,88
10,400,8,85,50044,8,84,50040,8,84
10,400,9,95,54295,9,91,54270,9,91
10,440,1,15,43701,6,66,43701,6,66
10,440,2,25,51639,7,78,51638,7,78
10,440,3,35,54894,8,83,54894,8,83
10,440,4,45,55558,8,84,55548,8,84
10,440,5,55,60003,9,90,59970,9,90
10,440,6,65,56246,8,85,56244,8,85
10,440,7,75,55516,8,84,55489,8,84
10,440,8,85,60382,9,91,60320,9,91
10,440,9,95,56632,8,85,56619,8,85
10,480,1,15,49023,6,66,49023,6,66
10,480,2,25,58421,7,79,58420,7,79
10,480,3,35,60849,8,82,60849,8,82
10,480,4,45,62692,8,85,62668,8,85
10,480,5,55,63116,8,85,63090,8,85
10,480,6,65,65413,8,88,65400,8,88
10,480,7,75,65714,8,89,65709,8,89
10,480,8,85,64017,8,87,63984,8,87
10,480,9,95,68525,9,93,68472,9,93
10,520,1,15,50763,6,65,50763,6,65
10,520,2,25,60113,7,77,60112,7,77
10,520,3,35,63543,8,82,63543,8,82
10,520,4,45,66318,8,85,66308,8,85
10,520,5,55,67840,8,87,67840,8,87
10,520,6,65,71157,9,92,71148,9,92
10,520,7,75,67238,8,87,65233,8,84
10,520,8,85,71426,9,92,71416,9,92
10,520,9,95,68670,8,89,68661,8,88
10,560,1,15,55956,6,66,55956,6,66
10,560,2,25,66736,7,79,66728,7,79
10,560,3,35,72329,8,85,72324,8,85
10,560,4,45,73237,8,86,73236,8,86
10,560,5,55,75790,8,89,75750,8,89
10,560,6,65,74115,8,87,74112,8,87
10,560,7,75,75451,8,89,75404,8,89
10,560,8,85,74565,8,88,74528,8,88
10,560,9,95,71822,8,85,71775,8,85
10,600,1,15,60292,6,66,60292,6,66
10,600,2,25,72322,7,79,72322,7,79
10,600,3,35,77041,8,85,77028,8,85
10,600,4,45,79026,8,87,79012,8,87
10,600,5,55,77578,8,85,77575,8,85
10,600,6,65,82013,9,90,81990,9,90
10,600,7,75,84182,9,93,84175,9,93
10,600,8,85,84290,9,93,84184,9,93
10,600,9,95,82693,9,91,82683,9,91
10,640,1,15,63058,6,65,63058,6,65
10,640,2,25,75258,7,78,75258,7,78
10,640,3,35,81064,8,84,81063,8,84
10,640,4,45,84039,8,87,84036,8,87
10,640,5,55,83670,8,87,83670,8,87
10,640,6,65,82946,8,86,82938,8,86
10,640,7,75,85354,8,89,85351,8,89
10,640,8,85,85599,8,89,85576,8,89
10,640,9,95,83613,8,87,83610,8,87
10,680,1,15,66862,6,66,66862,6,66
10,680,2,25,80226,7,79,80226,7,79
10,680,3,35,85093,8,84,85092,8,84
10,680,4,45,89125,8,88,89124,8,88
10,680,5,55,89751,8,89,89730,8,89
10,680,6,65,90249,8,89,90246,8,89
10,680,7,75,93395,9,92,93387,9,92
10,680,8,85,94727,9,93,94720,9,93
10,680,9,95,93708,9,92,93699,9,92
10,720,1,15,71204,6,66,71204,6,66
10,720,2,25,83842,7,78,83842,7,78
10,720,3,35,89824,8,84,89823,8,84
10,720,4,45,94878,8,88,94876,8,88
10,720,5,55,96593,9,90,96585,9,90
10,720,6,65,97976,9,91,97962,9,91
10,720,7,75,95435,8,89,95410,8,89
10,720,8,85,96723,9,90,96712,9,90
10,720,9,95,95875,8,89,95832,8,89
10,760,1,15,74944,6,66,74944,6,66
10,760,2,25,89931,7,79,89930,7,79
10,760,3,35,95046,8,83,95046,8,83
10,760,4,45,97237,8,85,97232,8,85
10,760,5,55,99031,8,87,99030,8,87
10,760,6,65,100529,8,88,100518,8,88
10,760,7,75,104853,9,92,104846,9,92
10,760,8,85,101985,8,89,98976,8,87
10,760,9,95,107382,9,94,107370,9,94
12,48,1,18,3223,4,55,3223,4,55
12,48,2,30,3362,4,57,3328,4,57
12,48,3,42,3741,5,64,3606,5,61
12,48,4,54,0,0,0,0,0,0
12,48,5,66,0,0,0,0,0,0
12,48,6,78,0,0,0,0,0,0
12,48,7,90,0,0,0,0,0,0
12,48,8,102,0,0,0,0,0,0
12,48,9,114,0,0,0,0,0,0
12,96,1,18,7730,5,63,7730,5,63
12,96,2,30,9090,6,74,9086,6,74
12,96,3,42,9478,6,78,9462,6,77
12,96,4,54,7743,5,63,7660,5,63
12,96,5,66,8536,5,70,8440,5,69
12,96,6,78,8674,5,71,8502,5,70
12,96,7,90,7780,5,64,7595,5,62
12,96,8,102,2024,1,16,0,0,0
12,96,9,114,0,0,0,0,0,0
12,144,1,18,11871,5,66,11871,5,66
12,144,2,30,12619,5,70,12618,5,70
12,144,3,42,13892,6,77,13890,6,77
12,144,4,54,12951,6,72,12948,6,72
12,144,5,66,15226,7,85,15225,7,85
12,144,6,78,11735,5,65,11676,5,65
12,144,7,90,12302,5,68,12124,5,67
12,144,8,102,12682,5,70,12480,5,69
12,144,9,114,12925,6,72,12708,5,71
12,192,1,18,15603,5,63,15603,5,63
12,192,2,30,18711,6,76,18708,6,76
12,192,3,42,19163,6,78,19113,6,78
12,192,4,54,19350,6,79,19304,6,79
12,192,5,66,17008,5,69,16980,5,69
12,192,6,78,19533,6,79,19524,6,79
12,192,7,90,21554,7,88,21532,7,88
12,192,8,102,15705,5,64,15584,5,63
12,192,9,114,16480,5,67,16299,5,66
12,240,1,18,19492,5,65,19492,5,65
12,240,2,30,23749,6,79,23748,6,79
12,240,3,42,23263,6,78,23253,6,78
12,240,4,54,24563,6,82,24560,6,82
12,240,5,66,23693,6,79,23660,6,79
12,240,6,78,26339,7,88,26298,7,88
12,240,7,90,22584,6,75,22568,6,75
12,240,8,102,24920,6,83,24904,6,83
12,240,9,114,27060,7,90,27045,7,90
12,288,1,18,23870,5,66,23870,5,66
12,288,2,30,27435,6,76,27430,6,76
12,288,3,42,28029,6,78,28023,6,78
12,288,4,54,30456,7,84,30440,7,84
12,288,5,66,30606,7,85,30605,7,85
12,288,6,78,28815,6,80,28776,6,80
12,288,7,90,31663,7,88,31598,7,88
12,288,8,102,26525,6,74,26504,6,73
12,288,9,114,28799,6,80,28755,6,80
12,336,1,18,26974,5,65,26974,5,65
12,336,2,30,32753,6,78,32750,6,78
12,336,3,42,35493,7,85,35487,7,85
12,336,4,54,35930,7,86,35928,7,86
12,336,5,66,37004,7,89,36990,7,89
12,336,6,78,36328,7,87,36324,7,87
12,336,7,90,33467,6,80,33425,6,80
12,336,8,102,36239,7,87,36168,7,87
12,336,9,114,32680,6,78,29628,5,71
12,384,1,18,32143,5,65,32143,5,65
12,384,2,30,37356,6,76,37356,6,76
12,384,3,42,41210,7,84,41202,7,84
12,384,4,54,42668,7,87,42668,7,87
12,384,5,66,40069,6,82,40040,6,82
12,384,6,78,39175,6,80,39162,6,80
12,384,7,90,43529,7,89,43519,7,89
12,384,8,102,39788,6,81,39736,6,81
12,384,9,114,42293,7,86,42192,7,86
12,432,1,18,35623,5,66,35623,5,66
12,432,2,30,41951,6,78,41946,6,78
12,432,3,42,44929,7,84,44928,7,84
12,432,4,54,47486,7,88,47480,7,88
12,432,5,66,45763,7,85,45760,7,85
12,432,6,78,46098,7,86,46050,7,86
12,432,7,90,43990,6,82,43988,6,82
12,432,8,102,48323,7,90,48312,7,90
12,432,9,114,43670,6,81,43560,6,81
12,480,1,18,39047,5,65,39047,5,65
12,480,2,30,47635,6,79,47634,6,79
12,480,3,42,49755,6,83,49755,6,83
12,480,4,54,49454,6,83,49440,6,82
12,480,5,66,52689,7,88,52685,7,88
12,480,6,78,53937,7,90,53928,7,90
12,480,7,90,53038,7,89,53018,7,89
12,480,8,102,50075,7,84,50064,7,84
12,480,9,114,54454,7,91,54432,7,91
12,528,1,18,43906,5,66,43906,5,66
12,528,2,30,51876,6,78,51876,6,78
12,528,3,42,55159,6,83,55158,6,83
12,528,4,54,55841,7,84,55824,7,84
12,528,5,66,60146,7,90,60130,7,90
12,528,6,78,56379,7,84,56376,7,84
12,528,7,90,55740,6,83,55720,6,83
12,528,8,102,60611,7,91,60576,7,91
12,528,9,114,56796,7,85,56790,7,85
12,576,1,18,47125,5,66,47125,5,66
12,576,2,30,56130,6,79,56128,6,79
12,576,3,42,58398,6,82,58398,6,82
12,576,4,54,60125,7,85,60120,7,85
12,576,5,66,60555,7,85,60535,7,85
12,576,6,78,62795,7,88,62778,7,88
12,576,7,90,63088,7,89,63084,7,89
12,576,8,102,61259,7,86,61248,7,86
12,576,9,114,66220,7,93,66195,7,93
12,624,1,18,51108,5,65,51108,5,65
12,624,2,30,60516,6,77,60516,6,77
12,624,3,42,64014,6,82,64002,6,82
12,624,4,54,66793,7,85,66788,7,85
12,624,5,66,68276,7,87,68270,7,87
12,624,6,78,71588,7,92,71580,7,92
12,624,7,90,66559,7,85,65555,7,84
12,624,8,102,71906,7,92,71896,7,92
12,624,9,114,69153,7,89,69138,7,89
12,672,1,18,55993,5,66,55993,5,66
12,672,2,30,66789,6,79,66788,6,79
12,672,3,42,72385,7,85,72384,7,85
12,672,4,54,73272,7,86,73268,7,86
12,672,5,66,75842,7,89,75840,7,89
12,672,6,78,74206,7,87,74196,7,87
12,672,7,90,75477,7,89,75439,7,89
12,672,8,102,74710,7,88,74688,7,88
12,672,9,114,72047,7,85,72018,7,85
12,720,1,18,59775,5,66,59775,5,66
12,720,2,30,71715,6,79,71714,6,79
12,720,3,42,76402,7,85,76398,7,85
12,720,4,54,78345,7,87,78344,7,87
12,720,5,66,76929,7,85,76920,7,85
12,720,6,78,81329,7,90,81318,7,90
12,720,7,90,83569,7,93,83545,7,93
12,720,8,102,83577,7,93,83544,7,93
12,720,9,114,81905,7,91,81900,7,91
12,768,1,18,62396,5,65,62396,5,65
12,768,2,30,74466,6,78,74466,6,78
12,768,3,42,80217,7,84,80217,7,84
12,768,4,54,83180,7,87,83180,7,87
12,768,5,66,82795,7,87,82785,7,87
12,768,6,78,82170,7,86,82152,7,86
12,768,7,90,84472,7,89,84469,7,89
12,768,8,102,84741,7,89,84688,7,89
12,768,9,114,82735,7,87,82710,7,87
12,816,1,18,67893,5,66,67893,5,66
12,816,2,30,81454,6,79,81454,6,79
12,816,3,42,86420,7,84,86418,7,84
12,816,4,54,90486,7,88,90484,7,88
12,816,5,66,91190,7,89,91190,7,89
12,816,6,78,91635,7,89,91608,7,89
12,816,7,90,94807,7,92,94787,7,92
12,816,8,102,96186,7,93,96176,7,93
12,816,9,114,95263,7,93,95220,7,93
12,864,1,18,71596,5,66,71596,5,66
12,864,2,30,84314,6,78,84314,6,78
12,864,3,42,90341,7,84,90339,7,84
12,864,4,54,95405,7,88,95400,7,88
12,864,5,66,97116,7,90,97115,7,90
12,864,6,78,98555,7,91,98550,7,91
12,864,7,90,95987,7,89,95977,7,89
12,864,8,102,97237,7,90,97232,7,90
12,864,9,114,96377,7,89,96327,7,89
12,912,1,18,75720,5,66,75720,5,66
12,912,2,30,90860,6,79,90860,6,79
12,912,3,42,96051,6,83,96051,6,83
12,912,4,54,98228,7,85,98228,7,85
12,912,5,66,100047,7,87,100045,7,87
12,912,6,78,101567,7,88,101556,7,88
12,912,7,90,105894,7,92,105882,7,92
12,912,8,102,102096,7,89,100088,7,87
12,912,9,114,108335,7,94,108306,7,94
14,56,1,21,3455,3,54,3455,3,54
14,56,2,35,3772,4,59,3772,4,59
14,56,3,49,4013,4,63,3960,4,62
14,56,4,63,0,0,0,0,0,0
14,56,5,77,0,0,0,0,0,0
14,56,6,91,0,0,0,0,0,0
14,56,7,105,0,0,0,0,0,0
14,56,8,119,0,0,0,0,0,0
14,56,9,133,0,0,0,0,0,0
14,112,1,21,7292,4,63,7292,4,63
14,112,2,35,8686,5,75,8684,5,75
14,112,3,49,8872,5,77,8865,5,77
14,112,4,63,7421,4,64,7312,4,63
14,112,5,77,7783,4,67,7655,4,66
14,112,6,91,7930,4,69,7812,4,68
14,112,7,105,7690,4,67,7532,4,65
14,112,8,119,1008,0,8,0,0,0
14,112,9,133,0,0,0,0,0,0
14,168,1,21,11750,4,66,11750,4,66
14,168,2,35,12431,5,70,12430,5,70
14,168,3,49,13720,5,77,13713,5,77
14,168,4,63,12780,5,72,12772,5,72
14,168,5,77,14948,6,84,14905,6,84
14,168,6,91,11558,4,65,11448,4,64
14,168,7,105,12257,4,69,12131,4,68
14,168,8,119,12432,5,70,12224,4,69
14,168,9,133,12470,5,70,12339,4,69
14,224,1,21,15326,4,63,15326,4,63
14,224,2,35,18376,5,76,18376,5,76
14,224,3,49,18803,5,78,18801,5,78
14,224,4,63,19046,5,79,19016,5,79
14,224,5,77,16691,4,69,16665,4,69
14,224,6,91,19145,5,79,19128,5,79
14,224,7,105,21220,6,88,21196,6,88
14,224,8,119,15641,4,65,15408,4,64
14,224,9,133,16475,4,68,16353,4,68
14,280,1,21,19574,4,65,19574,4,65
14,280,2,35,23847,5,79,23846,5,79
14,280,3,49,23431,5,78,23415,5,78
14,280,4,63,24690,5,82,24684,5,82
14,280,5,77,23906,5,79,23895,5,79
14,280,6,91,26526,6,88,26460,6,88
14,280,7,105,22691,5,75,22687,5,75
14,280,8,119,25020,5,83,25016,5,83
14,280,9,133,27182,6,90,27162,6,90
14,336,1,21,24002,4,66,24002,4,66
14,336,2,35,27574,5,76,27574,5,76
14,336,3,49,28249,5,78,28239,5,78
14,336,4,63,30580,6,84,30576,6,84
14,336,5,77,30789,6,85,30785,6,85
14,336,6,91,28976,5,80,28956,5,80
14,336,7,105,31616,6,87,31584,6,87
14,336,8,119,26433,5,73,26424,5,73
14,336,9,133,28934,5,80,28926,5,80
14,392,1,21,27188,4,65,27188,4,65
14,392,2,35,33008,5,78,33008,5,78
14,392,3,49,35729,6,85,35724,6,85
14,392,4,63,36215,6,86,36212,6,86
14,392,5,77,37278,6,89,37250,6,89
14,392,6,91,36496,6,87,36456,6,87
14,392,7,105,33580,5,80,33565,5,80
14,392,8,119,36672,6,87,36592,6,87
14,392,9,133,32102,5,76,30087,5,72
14,448,1,21,31715,4,65,31715,4,65
14,448,2,35,36840,5,76,36840,5,76
14,448,3,49,40762,6,84,40758,6,84
14,448,4,63,42201,6,87,42200,6,87
14,448,5,77,39603,5,82,39575,5,82
14,448,6,91,38483,5,80,38472,5,80
14,448,7,105,42940,6,89,42931,6,89
14,448,8,119,39173,5,81,39120,5,81
14,448,9,133,41877,6,87,41823,6,86
14,504,1,21,36092,4,66,36092,4,66
14,504,2,35,42505,5,78,42504,5,78
14,504,3,49,45514,6,84,45510,6,84
14,504,4,63,47947,6,88,47932,6,88
14,504,5,77,46408,6,85,46405,6,85
14,504,6,91,46671,6,86,46650,6,86
14,504,7,105,44784,5,82,44744,5,82
14,504,8,119,48926,6,90,48920,6,90
14,504,9,133,44156,5,81,44127,5,81
14,560,1,21,39256,4,65,39256,4,65
14,560,2,35,47871,5,79,47870,5,79
14,560,3,49,50036,5,83,50034,5,83
14,560,4,63,49575,5,82,49572,5,82
14,560,5,77,52926,6,88,52910,6,88
14,560,6,91,54279,6,90,54276,6,90
14,560,7,105,53378,6,89,53298,6,88
14,560,8,119,50377,6,84,50352,6,84
14,560,9,133,54746,6,91,54738,6,91
14,616,1,21,43835,4,66,43835,4,66
14,616,2,35,51795,5,78,51790,5,78
14,616,3,49,55069,5,83,55068,5,83
14,616,4,63,55716,6,84,55712,6,84
14,616,5,77,60071,6,90,60060,6,90
14,616,6,91,56336,6,85,56310,6,84
14,616,7,105,55636,5,83,55622,5,83
14,616,8,119,60636,6,91,60576,6,91
14,616,9,133,56663,6,85,56655,6,85
14,672,1,21,47150,4,66,47150,4,66
14,672,2,35,56155,5,79,56152,5,79
14,672,3,49,58431,5,82,58431,5,82
14,672,4,63,60124,6,84,60124,6,84
14,672,5,77,60571,6,85,60570,6,85
14,672,6,91,62864,6,88,62856,6,88
14,672,7,105,63093,6,89,63091,6,89
14,672,8,119,61269,6,86,61264,6,86
14,672,9,133,66001,6,93,65916,6,93
14,728,1,21,51848,4,65,51848,4,65
14,728,2,35,61396,5,77,61396,5,77
14,728,3,49,64923,5,82,64923,5,82
14,728,4,63,67772,6,86,67736,6,85
14,728,5,77,69296,6,87,69240,6,87
14,728,6,91,72567,6,92,72564,6,92
14,728,7,105,66554,6,84,66528,6,84
14,728,8,119,72983,6,92,72952,6,92
14,728,9,133,70213,6,89,70164,6,89
14,784,1,21,55578,4,66,55578,4,66
14,784,2,35,66280,5,79,66276,5,79
14,784,3,49,71819,6,85,71817,6,85
14,784,4,63,72751,6,86,72748,6,86
14,784,5,77,75183,6,89,75150,6,89
14,784,6,91,73597,6,87,73590,6,87
14,784,7,105,74863,6,89,74858,6,89
14,784,8,119,74018,6,88,74016,6,88
14,784,9,133,71256,6,84,71217,6,84
14,840,1,21,60109,4,66,60109,4,66
14,840,2,35,72108,5,79,72108,5,79
14,840,3,49,76844,6,85,76842,6,85
14,840,4,63,78775,6,87,78768,6,87
14,840,5,77,77274,6,85,77270,6,85
14,840,6,91,81766,6,90,81762,6,90
14,840,7,105,84121,6,93,84112,6,93
14,840,8,119,84066,6,93,84056,6,93
14,840,9,133,82492,6,91,82485,6,91
14,896,1,21,63111,4,65,63111,4,65
14,896,2,35,75338,5,78,75338,5,78
14,896,3,49,81118,6,84,81117,6,84
14,896,4,63,84110,6,87,84104,6,87
14,896,5,77,83768,6,87,83765,6,87
14,896,6,91,83255,6,87,83238,6,87
14,896,7,105,85458,6,89,85456,6,89
14,896,8,119,85728,6,89,85704,6,89
14,896,9,133,83759,6,87,83754,6,87
14,952,1,21,68156,4,66,68156,4,66
14,952,2,35,81773,5,79,81772,5,79
14,952,3,49,86745,6,84,86745,6,84
14,952,4,63,90817,6,88,90812,6,88
14,952,5,77,91520,6,89,91520,6,89
14,952,6,91,91977,6,89,91974,6,89
14,952,7,105,95216,6,92,95200,6,92
14,952,8,119,96459,6,93,96408,6,93
14,952,9,133,95591,6,93,95562,6,93
14,1008,1,21,71590,4,66,71590,4,66
14,1008,2,35,84314,5,78,84314,5,78
14,1008,3,49,90336,6,84,90336,6,84
14,1008,4,63,95412,6,88,95408,6,88
14,1008,5,77,97060,6,90,97055,6,90
14,1008,6,91,98466,6,91,98454,6,91
14,1008,7,105,95981,6,89,95970,6,89
14,1008,8,119,97223,6,90,97216,6,90
14,1008,9,133,96455,6,89,96426,6,89
14,1064,1,21,75157,4,66,75157,4,66
14,1064,2,35,90182,5,79,90182,5,79
14,1064,3,49,95325,5,83,95322,5,83
14,1064,4,63,97502,6,85,97500,6,85
14,1064,5,77,99190,6,87,99190,6,87
14,1064,6,91,100705,6,88,100704,6,88
14,1064,7,105,105185,6,92,105182,6,92
14,1064,8,119,100313,6,88,99304,6,87
14,1064,9,133,107627,6,94,107613,6,94
16,64,1,24,3328,3,54,3328,3,54
16,64,2,40,3565,3,58,3552,3,57
16,64,3,56,4050,4,66,4035,4,65
16,64,4,72,0,0,0,0,0,0
16,64,5,88,0,0,0,0,0,0
16,64,6,104,0,0,0,0,0,0
16,64,7,120,0,0,0,0,0,0
16,64,8,136,0,0,0,0,0,0
16,64,9,152,0,0,0,0,0,0
16,128,1,24,7824,3,63,7824,3,63
16,128,2,40,9261,4,75,9246,4,75
16,128,3,56,9542,4,77,9537,4,77
16,128,4,72,7596,3,61,7568,3,61
16,128,5,88,8319,4,67,8255,4,67
16,128,6,104,8724,4,71,8604,4,70
16,128,7,120,8393,4,68,8211,4,66
16,128,8,136,0,0,0,0,0,0
16,128,9,152,0,0,0,0,0,0
16,192,1,24,11911,4,66,11911,4,66
16,192,2,40,12633,4,70,12632,4,70
16,192,3,56,13962,4,77,13956,4,77
16,192,4,72,12984,4,72,12984,4,72
16,192,5,88,15257,5,85,15250,5,85
16,192,6,104,11705,4,65,11640,4,65
16,192,7,120,12429,4,69,12362,4,69
16,192,8,136,12863,4,71,12776,4,71
16,192,9,152,12674,4,70,12564,4,70
16,256,1,24,15285,3,63,15285,3,63
16,256,2,40,18330,4,76,18330,4,76
16,256,3,56,18723,4,78,18720,4,78
16,256,4,72,18926,4,79,18904,4,78
16,256,5,88,16680,4,69,16675,4,69
16,256,6,104,19094,4,79,19092,4,79
16,256,7,120,21223,5,88,21210,5,88
16,256,8,136,15626,4,65,15512,4,64
16,256,9,152,16456,4,68,16353,4,68
16,320,1,24,19741,4,65,19741,4,65
16,320,2,40,23983,4,79,23982,4,79
16,320,3,56,23581,4,78,23580,4,78
16,320,4,72,24882,5,82,24880,5,82
16,320,5,88,24093,4,79,24060,4,79
16,320,6,104,26740,5,88,26670,5,88
16,320,7,120,22821,4,75,22813,4,75
16,320,8,136,25251,5,83,25248,5,83
16,320,9,152,27387,5,90,27378,5,90
16,384,1,24,24148,4,66,24148,4,66
16,384,2,40,27767,4,76,27766,4,76
16,384,3,56,28447,4,78,28431,4,78
16,384,4,72,30720,5,84,30708,5,84
16,384,5,88,31039,5,85,31020,5,85
16,384,6,104,29084,5,80,29040,5,80
16,384,7,120,31845,5,87,31794,5,87
16,384,8,136,26638,4,73,26632,4,73
16,384,9,152,28997,4,79,28980,4,79
16,448,1,24,27291,4,65,27291,4,65
16,448,2,40,33156,4,79,33156,4,79
16,448,3,56,35886,5,85,35883,5,85
16,448,4,72,36331,5,86,36328,5,86
16,448,5,88,37529,5,89,37520,5,89
16,448,6,104,36797,5,87,36756,5,87
16,448,7,120,34081,5,81,34055,5,81
16,448,8,136,36651,5,87,36616,5,87
16,448,9,152,31141,4,74,30132,4,71
16,512,1,24,31574,4,65,31574,4,65
16,512,2,40,36654,4,76,36652,4,76
16,512,3,56,40539,5,84,40530,5,84
16,512,4,72,42031,5,87,42028,5,87
16,512,5,88,39461,5,82,39450,5,82
16,512,6,104,38209,4,79,38196,4,79
16,512,7,120,42645,5,89,42637,5,89
16,512,8,136,38780,5,81,38752,5,80
16,512,9,152,41511,5,86,41427,5,86
16,576,1,24,36008,4,66,36008,4,66
16,576,2,40,42399,4,78,42398,4,78
16,576,3,56,45416,5,84,45411,5,84
16,576,4,72,47898,5,88,47892,5,88
16,576,5,88,46251,5,85,46235,5,85
16,576,6,104,46500,5,86,46488,5,86
16,576,7,120,44382,5,82,44380,5,82
16,576,8,136,48873,5,90,48872,5,90
16,576,9,152,43900,5,81,43839,5,81
16,640,1,24,39783,4,65,39783,4,65
16,640,2,40,48522,4,79,48522,4,79
16,640,3,56,50717,5,83,50715,5,83
16,640,4,72,50229,5,82,50228,5,82
16,640,5,88,53749,5,88,53745,5,88
16,640,6,104,55017,5,90,55008,5,90
16,640,7,120,54021,5,89,53998,5,88
16,640,8,136,51138,5,84,51136,5,84
16,640,9,152,55386,5,91,55377,5,91
16,704,1,24,43957,4,66,43957,4,66
16,704,2,40,51934,4,78,51932,4,78
16,704,3,56,55202,5,83,55200,5,83
16,704,4,72,55917,5,84,55908,5,84
16,704,5,88,60344,5,90,60335,5,90
16,704,6,104,56507,5,85,56490,5,85
16,704,7,120,55925,5,84,55895,5,84
16,704,8,136,60670,5,91,60632,5,91
16,704,9,152,56884,5,85,56880,5,85
16,768,1,24,48241,4,66,48241,4,66
16,768,2,40,57488,4,79,57488,4,79
16,768,3,56,59859,5,82,59859,5,82
16,768,4,72,61670,5,85,61660,5,85
16,768,5,88,62053,5,85,62050,5,85
16,768,6,104,64368,5,88,64368,5,88
16,768,7,120,64641,5,89,64631,5,89
16,768,8,136,62863,5,86,62816,5,86
16,768,9,152,67389,5,93,67356,5,93
16,832,1,24,50853,4,65,50853,4,65
16,832,2,40,60214,4,77,60214,4,77
16,832,3,56,63621,5,82,63621,5,82
16,832,4,72,66433,5,85,66432,5,85
16,832,5,88,67930,5,87,67930,5,87
16,832,6,104,71310,5,92,71304,5,92
16,832,7,120,65267,5,84,65261,5,84
16,832,8,136,71534,5,92,71520,5,92
16,832,9,152,68740,5,88,68733,5,88
16,896,1,24,56284,4,66,56284,4,66
16,896,2,40,67130,4,79,67130,4,79
16,896,3,56,72718,5,85,72717,5,85
16,896,4,72,73662,5,86,73660,5,86
16,896,5,88,76243,5,89,76240,5,89
16,896,6,104,74544,5,87,74520,5,87
16,896,7,120,75781,5,89,75775,5,89
16,896,8,136,74998,5,88,74992,5,88
16,896,9,152,72191,5,84,72162,5,84
16,960,1,24,60321,4,66,60321,4,66
16,960,2,40,72372,4,79,72372,4,79
16,960,3,56,77104,5,85,77103,5,85
16,960,4,72,79064,5,87,79060,5,87
16,960,5,88,77552,5,85,77550,5,85
16,960,6,104,82022,5,90,82014,5,90
16,960,7,120,84280,5,93,84273,5,93
16,960,8,136,84375,5,93,84352,5,93
16,960,9,152,82787,5,91,82782,5,91
16,1024,1,24,63570,4,65,63570,4,65
16,1024,2,40,75880,4,78,75880,4,78
16,1024,3,56,81721,5,84,81717,5,84
16,1024,4,72,84740,5,87,84740,5,87
16,1024,5,88,84362,5,87,84355,5,87
16,1024,6,104,83783,5,86,83772,5,86
16,1024,7,120,86061,5,89,86058,5,89
16,1024,8,136,86336,5,89,86304,5,89
16,1024,9,152,84348,5,87,84348,5,87
16,1088,1,24,67919,4,66,67919,4,66
16,1088,2,40,81501,4,79,81500,4,79
16,1088,3,56,86450,5,84,86448,5,84
16,1088,4,72,90516,5,88,90516,5,88
16,1088,5,88,91188,5,89,91170,5,89
16,1088,6,104,91669,5,89,91668,5,89
16,1088,7,120,94869,5,92,94864,5,92
16,1088,8,136,96139,5,93,96120,5,93
16,1088,9,152,95296,5,93,95265,5,93
16,1152,1,24,71798,4,66,71798,4,66
16,1152,2,40,84558,4,78,84558,4,78
16,1152,3,56,90582,5,84,90582,5,84
16,1152,4,72,95724,5,88,95724,5,88
16,1152,5,88,97353,5,90,97350,5,90
16,1152,6,104,98784,5,91,98778,5,91
16,1152,7,120,96274,5,89,96271,5,89
16,1152,8,136,97512,5,90,97512,5,90
16,1152,9,152,96665,5,89,96651,5,89
16,1216,1,24,74763,4,66,74763,4,66
16,1216,2,40,89709,4,79,89708,4,79
16,1216,3,56,94812,5,83,94812,5,83
16,1216,4,72,97000,5,85,97000,5,85
16,1216,5,88,98735,5,87,98730,5,87
16,1216,6,104,100173,5,88,100170,5,88
16,1216,7,120,104630,5,92,104629,5,92
16,1216,8,136,98692,5,87,98688,5,87
16,1216,9,152,107012,5,94,107001,5,94
18,72,1,27,3352,3,54,3352,3,54
18,72,2,45,3649,3,58,3636,3,58
18,72,3,63,3971,3,64,3921,3,63
18,72,4,81,0,0,0,0,0,0
18,72,5,99,0,0,0,0,0,0
18,72,6,117,0,0,0,0,0,0
18,72,7,135,0,0,0,0,0,0
18,72,8,153,0,0,0,0,0,0
18,72,9,171,0,0,0,0,0,0
18,144,1,27,7541,3,63,7541,3,63
18,144,2,45,8933,4,75,8930,4,75
18,144,3,63,9228,4,77,9228,4,77
18,144,4,81,7488,3,63,7448,3,62
18,144,5,99,8201,3,69,8050,3,67
18,144,6,117,8059,3,67,7956,3,67
18,144,7,135,7662,3,64,7560,3,63
18,144,8,153,0,0,0,0,0,0
18,144,9,171,0,0,0,0,0,0
18,216,1,27,11761,3,66,11761,3,66
18,216,2,45,12474,3,70,12474,3,70
18,216,3,63,13738,4,77,13728,4,77
18,216,4,81,12806,4,72,12804,4,72
18,216,5,99,15011,4,84,14915,4,84
18,216,6,117,11576,3,65,11454,3,64
18,216,7,135,12289,3,69,12201,3,68
18,216,8,153,12218,3,69,12080,3,68
18,216,9,171,12591,3,71,12357,3,69
18,288,1,27,15189,3,63,15189,3,63
18,288,2,45,18225,4,76,18224,4,76
18,288,3,63,18613,4,78,18609,4,78
18,288,4,81,18810,4,78,18804,4,78
18,288,5,99,16576,3,69,16570,3,69
18,288,6,117,18958,4,79,18948,4,79
18,288,7,135,21113,4,88,21084,4,88
18,288,8,153,15723,3,66,15664,3,65
18,288,9,171,16452,3,69,16344,3,68
18,360,1,27,19823,3,65,19823,3,65
18,360,2,45,24123,4,79,24118,4,79
18,360,3,63,23764,4,78,23754,4,78
18,360,4,81,24963,4,82,24940,4,82
18,360,5,99,24257,4,80,24245,4,80
18,360,6,117,26767,4,88,26712,4,88
18,360,7,135,23007,4,76,23002,4,76
18,360,8,153,25459,4,84,25448,4,84
18,360,9,171,27351,5,90,27342,5,90
18,432,1,27,24211,3,66,24211,3,66
18,432,2,45,27830,4,76,27830,4,76
18,432,3,63,28516,4,78,28515,4,78
18,432,4,81,30793,4,84,30780,4,84
18,432,5,99,31072,4,85,31050,4,85
18,432,6,117,29256,4,80,29244,4,80
18,432,7,135,31876,4,87,31829,4,87
18,432,8,153,26647,4,73,26640,4,73
18,432,9,171,29167,4,80,29160,4,80
18,504,1,27,27782,3,65,27782,3,65
18,504,2,45,33718,4,78,33716,4,78
18,504,3,63,36559,4,85,36549,4,85
18,504,4,81,36952,4,86,36952,4,86
18,504,5,99,37962,4,88,37950,4,88
18,504,6,117,37349,4,87,37338,4,87
18,504,7,135,34483,4,80,34440,4,80
18,504,8,153,37274,4,87,37200,4,87
18,504,9,171,30393,3,71,30384,3,71
18,576,1,27,31448,3,65,31448,3,65
18,576,2,45,36495,4,76,36494,4,76
18,576,3,63,40395,4,84,40395,4,84
18,576,4,81,41800,4,87,41796,4,87
18,576,5,99,39135,4,82,39130,4,82
18,576,6,117,38210,4,80,38202,4,80
18,576,7,135,42558,4,89,42553,4,89
18,576,8,153,38775,4,81,38752,4,81
18,576,9,171,41366,4,86,41292,4,86
18,648,1,27,36070,3,66,36070,3,66
18,648,2,45,42490,4,78,42490,4,78
18,648,3,63,45481,4,84,45480,4,84
18,648,4,81,48071,4,88,48068,4,88
18,648,5,99,46411,4,85,46410,4,85
18,648,6,117,46599,4,86,46584,4,86
18,648,7,135,44572,4,82,44569,4,82
18,648,8,153,48966,5,90,48960,5,90
18,648,9,171,44265,4,81,44244,4,81
18,720,1,27,38958,3,65,38958,3,65
18,720,2,45,47496,4,79,47496,4,79
18,720,3,63,49629,4,83,49626,4,83
18,720,4,81,49158,4,82,49156,4,82
18,720,5,99,52546,4,88,52535,4,88
18,720,6,117,53825,5,90,53820,5,90
18,720,7,135,52936,4,89,52892,4,88
18,720,8,153,49907,4,83,49904,4,83
18,720,9,171,54324,5,91,54324,5,91
18,792,1,27,43588,3,66,43588,3,66
18,792,2,45,51491,4,78,51490,4,78
18,792,3,63,54729,4,83,54729,4,83
18,792,4,81,55459,4,84,55456,4,84
18,792,5,99,59814,5,90,59800,5,90
18,792,6,117,56025,4,85,56016,4,85
18,792,7,135,55471,4,84,55433,4,84
18,792,8,153,60139,5,91,60104,5,91
18,792,9,171,56383,4,85,56376,4,85
18,864,1,27,48183,3,66,48183,3,66
18,864,2,45,57418,4,79,57418,4,79
18,864,3,63,59784,4,82,59778,4,82
18,864,4,81,61516,4,85,61516,4,85
18,864,5,99,61947,4,85,61945,4,85
18,864,6,117,64302,4,88,64278,4,88
18,864,7,135,64571,4,89,64568,4,89
18,864,8,153,62828,4,86,62808,4,86
18,864,9,171,67394,5,93,67374,5,93
18,936,1,27,51393,3,65,51393,3,65
18,936,2,45,60868,4,77,60868,4,77
18,936,3,63,64367,4,82,64353,4,82
18,936,4,81,67161,4,85,67156,4,85
18,936,5,99,68643,4,87,68640,4,87
18,936,6,117,72016,5,92,72006,5,92
18,936,7,135,66018,4,84,66010,4,84
18,936,8,153,72413,5,92,72400,5,92
18,936,9,171,69572,4,89,69534,4,89
18,1008,1,27,55441,3,66,55441,3,66
18,1008,2,45,66129,4,79,66128,4,79
18,1008,3,63,71676,4,85,71676,4,85
18,1008,4,81,72560,4,86,72560,4,86
18,1008,5,99,75139,4,89,75135,4,89
18,1008,6,117,73437,4,87,73434,4,87
18,1008,7,135,74703,4,89,74683,4,89
18,1008,8,153,73874,4,88,73872,4,88
18,1008,9,171,71294,4,85,71271,4,85
18,1080,1,27,60668,3,66,60668,3,66
18,1080,2,45,72800,4,79,72800,4,79
18,1080,3,63,77526,4,85,77526,4,85
18,1080,4,81,79491,4,87,79480,4,87
18,1080,5,99,78023,4,85,78020,4,85
18,1080,6,117,82488,5,90,82464,5,90
18,1080,7,135,84824,5,93,84805,5,93
18,1080,8,153,84775,5,93,84752,5,93
18,1080,9,171,83263,5,91,83259,5,91
18,1152,1,27,63101,3,65,63101,3,65
18,1152,2,45,75308,4,78,75308,4,78
18,1152,3,63,81111,4,84,81111,4,84
18,1152,4,81,84120,4,87,84120,4,87
18,1152,5,99,83729,4,87,83720,4,87
18,1152,6,117,83228,4,87,83202,4,86
18,1152,7,135,85456,4,89,85456,4,89
18,1152,8,153,85683,4,89,85672,4,89
18,1152,9,171,83723,4,87,83718,4,87
18,1224,1,27,67377,3,66,67377,3,66
18,1224,2,45,80850,4,79,80850,4,79
18,1224,3,63,85743,4,84,85740,4,84
18,1224,4,81,89772,4,88,89772,4,88
18,1224,5,99,90456,4,89,90445,4,89
18,1224,6,117,90942,4,89,90942,4,89
18,1224,7,135,94112,5,92,94108,5,92
18,1224,8,153,95453,5,93,95448,5,93
18,1224,9,171,94347,5,92,94302,5,92
18,1296,1,27,71804,3,66,71804,3,66
18,1296,2,45,84565,4,78,84564,4,78
18,1296,3,63,90600,4,84,90600,4,84
18,1296,4,81,95688,4,88,95688,4,88
18,1296,5,99,97359,5,90,97355,5,90
18,1296,6,117,98790,5,91,98790,5,91
18,1296,7,135,96298,4,89,96292,4,89
18,1296,8,153,97488,5,90,97488,5,90
18,1296,9,171,96760,4,89,96750,4,89
18,1368,1,27,75707,3,66,75707,3,66
18,1368,2,45,90843,4,79,90842,4,79
18,1368,3,63,96032,4,83,96030,4,83
18,1368,4,81,98273,4,85,98272,4,85
18,1368,5,99,100036,4,87,100035,4,87
18,1368,6,117,101575,4,88,101568,4,88
18,1368,7,135,105904,5,92,105903,5,92
18,1368,8,153,100053,4,87,100040,4,87
18,1368,9,171,108437,5,94,108423,5,94
20,80,1,30,3292,2,54,3292,2,54
20,80,2,50,3458,2,57,3440,2,56
20,80,3,70,3916,3,64,3897,3,64
20,80,4,90,0,0,0,0,0,0
20,80,5,110,0,0,0,0,0,0
20,80,6,130,0,0,0,0,0,0
20,80,7,150,0,0,0,0,0,0
20,80,8,170,0,0,0,0,0,0
20,80,9,190,0,0,0,0,0,0
20,160,1,30,7770,3,63,7770,3,63
20,160,2,50,9178,3,75,9176,3,75
20,160,3,70,9542,3,78,9540,3,78
20,160,4,90,7667,3,62,7632,3,62
20,160,5,110,8394,3,68,8315,3,68
20,160,6,130,8400,3,68,8340,3,68
20,160,7,150,7991,3,65,7847,3,64
20,160,8,170,0,0,0,0,0,0
20,160,9,190,0,0,0,0,0,0
20,240,1,30,11812,3,66,11812,3,66
20,240,2,50,12535,3,70,12534,3,70
20,240,3,70,13872,3,78,13851,3,78
20,240,4,90,12903,3,72,12900,3,72
20,240,5,110,15165,4,85,15160,4,85
20,240,6,130,11604,3,65,11580,3,65
20,240,7,150,12318,3,69,12285,3,69
20,240,8,170,12681,3,71,12528,3,70
20,240,9,190,12570,3,70,12429,3,70
20,320,1,30,15438,3,63,15438,3,63
20,320,2,50,18489,3,76,18488,3,76
20,320,3,70,18898,3,78,18876,3,78
20,320,4,90,19169,3,79,19156,3,79
20,320,5,110,16969,3,70,16965,3,70
20,320,6,130,19179,3,79,19176,3,79
20,320,7,150,21417,4,88,21399,4,88
20,320,8,170,15574,3,64,15528,3,64
20,320,9,190,16563,3,68,16488,3,68
20,400,1,30,19661,3,65,19661,3,65
20,400,2,50,23933,3,79,23930,3,79
20,400,3,70,23512,3,78,23511,3,78
20,400,4,90,24800,4,82,24800,4,82
20,400,5,110,24080,4,80,24065,4,80
20,400,6,130,26548,4,88,26532,4,88
20,400,7,150,22775,3,75,22771,3,75
20,400,8,170,25154,4,83,25144,4,83
20,400,9,190,27335,4,91,27333,4,91
20,480,1,30,24098,3,66,24098,3,66
20,480,2,50,27722,3,76,27722,3,76
20,480,3,70,28403,3,78,28401,3,78
20,480,4,90,30700,4,84,30696,4,84
20,480,5,110,30955,4,85,30955,4,85
20,480,6,130,29152,4,80,29136,4,80
20,480,7,150,31899,4,88,31892,4,88
20,480,8,170,26821,3,74,26800,3,74
20,480,9,190,29105,4,80,29097,4,80
20,560,1,30,27165,3,65,27165,3,65
20,560,2,50,32989,3,78,32988,3,78
20,560,3,70,35669,4,85,35667,4,85
20,560,4,90,36181,4,86,36180,4,86
20,560,5,110,37299,4,89,37255,4,89
20,560,6,130,36612,4,87,36612,4,87
20,560,7,150,33808,4,80,33796,4,80
20,560,8,170,36447,4,87,36408,4,87
20,560,9,190,29965,3,71,29952,3,71
20,640,1,30,31854,3,65,31854,3,65
20,640,2,50,37020,3,76,37020,3,76
20,640,3,70,40871,4,84,40869,4,84
20,640,4,90,42258,4,87,42252,4,87
20,640,5,110,39752,4,82,39745,4,82
20,640,6,130,38605,3,79,38604,3,79
20,640,7,150,43142,4,89,43141,4,89
20,640,8,170,39248,4,81,39200,4,81
20,640,9,190,41923,4,86,41859,4,86
20,720,1,30,35697,3,66,35697,3,66
20,720,2,50,42030,3,78,42028,3,78
20,720,3,70,45026,4,84,45024,4,84
20,720,4,90,47560,4,88,47556,4,88
20,720,5,110,45860,4,85,45860,4,85
20,720,6,130,46063,4,85,46056,4,85
20,720,7,150,43989,4,82,43981,4,82
20,720,8,170,48456,4,90,48424,4,90
20,720,9,190,43455,4,81,43425,4,81
20,800,1,30,39259,3,65,39259,3,65
20,800,2,50,47896,3,79,47896,3,79
20,800,3,70,50026,4,83,50025,4,83
20,800,4,90,49565,4,82,49564,4,82
20,800,5,110,52918,4,88,52910,4,88
20,800,6,130,54301,4,90,54294,4,90
20,800,7,150,53439,4,89,53396,4,89
20,800,8,170,50432,4,84,50424,4,84
20,800,9,190,54752,4,91,54747,4,91
20,880,1,30,43781,3,66,43781,3,66
20,880,2,50,51738,3,78,51738,3,78
20,880,3,70,54982,4,83,54981,4,83
20,880,4,90,55655,4,84,55640,4,84
20,880,5,110,59987,4,90,59970,4,90
20,880,6,130,56274,4,85,56274,4,85
20,880,7,150,55746,4,84,55720,4,84
20,880,8,170,60476,4,91,60472,4,91
20,880,9,190,56732,4,85,56727,4,85
20,960,1,30,48071,3,66,48071,3,66
20,960,2,50,57273,3,79,57272,3,79
20,960,3,70,59659,4,82,59658,4,82
20,960,4,90,61373,4,85,61372,4,85
20,960,5,110,61830,4,85,61830,4,85
20,960,6,130,64170,4,88,64158,4,88
20,960,7,150,64428,4,89,64428,4,89
20,960,8,170,62662,4,86,62640,4,86
20,960,9,190,67312,4,93,67293,4,93
20,1040,1,30,51214,3,65,51214,3,65
20,1040,2,50,60648,3,77,60648,3,77
20,1040,3,70,64086,4,82,64086,4,82
20,1040,4,90,66931,4,85,66924,4,85
20,1040,5,110,68431,4,87,68420,4,87
20,1040,6,130,71696,4,92,71688,4,92
20,1040,7,150,65704,4,84,65702,4,84
20,1040,8,170,72219,4,92,72216,4,92
20,1040,9,190,69280,4,89,69264,4,88
20,1120,1,30,55886,3,66,55886,3,66
20,1120,2,50,66666,3,79,66666,3,79
20,1120,3,70,72206,4,85,72204,4,85
20,1120,4,90,73141,4,86,73140,4,86
20,1120,5,110,75745,4,89,75745,4,89
20,1120,6,130,74030,4,87,74028,4,87
20,1120,7,150,75295,4,89,75292,4,89
20,1120,8,170,74451,4,88,74448,4,88
20,1120,9,190,71603,4,84,71586,4,84
20,1200,1,30,59499,3,66,59499,3,66
20,1200,2,50,71395,3,79,71394,3,79
20,1200,3,70,76050,4,85,76050,4,85
20,1200,4,90,77973,4,87,77972,4,87
20,1200,5,110,76465,4,85,76460,4,85
20,1200,6,130,80850,4,90,80838,4,90
20,1200,7,150,83249,4,93,83237,4,93
20,1200,8,170,83201,4,93,83176,4,93
20,1200,9,190,81635,4,91,81630,4,91
20,1280,1,30,63073,3,65,63073,3,65
20,1280,2,50,75277,3,78,75276,3,78
20,1280,3,70,81081,4,84,81081,4,84
20,1280,4,90,84062,4,87,84060,4,87
20,1280,5,110,83680,4,87,83680,4,87
20,1280,6,130,83148,4,86,83148,4,86
20,1280,7,150,85428,4,89,85428,4,89
20,1280,8,170,85656,4,89,85640,4,89
20,1280,9,190,83686,4,87,83682,4,87
20,1360,1,30,67278,3,66,67278,3,66
20,1360,2,50,80728,3,79,80728,3,79
20,1360,3,70,85618,4,84,85617,4,84
20,1360,4,90,89660,4,88,89656,4,88
20,1360,5,110,90327,4,89,90315,4,89
20,1360,6,130,90791,4,89,90786,4,89
20,1360,7,150,94006,4,92,93996,4,92
20,1360,8,170,95356,4,94,95344,4,94
20,1360,9,190,94268,4,92,94257,4,92
20,1440,1,30,72059,3,66,72059,3,66
20,1440,2,50,84873,3,78,84872,3,78
20,1440,3,70,90923,4,84,90921,4,84
20,1440,4,90,96011,4,88,96008,4,88
20,1440,5,110,97764,4,90,97760,4,90
20,1440,6,130,99187,4,91,99180,4,91
20,1440,7,150,96641,4,89,96635,4,89
20,1440,8,170,97865,4,90,97864,4,90
20,1440,9,190,97124,4,89,97101,4,89
20,1520,1,30,75850,3,66,75850,3,66
20,1520,2,50,91014,3,79,91014,3,79
20,1520,3,70,96216,4,83,96213,4,83
20,1520,4,90,98396,4,85,98392,4,85
20,1520,5,110,100229,4,87,100225,4,87
20,1520,6,130,101769,4,88,101760,4,88
20,1520,7,150,106102,4,92,106099,4,92
20,1520,8,170,100138,4,87,100136,4,87
20,1520,9,190,108527,4,94,108495,4,94
